first_name,last_name
Gq9F,IcR5
lgG1,lpN1
B0m7,qH7m
wdq5,MK6j
PPS7,O9RG
Rgle,brEx
IIoG,ZcK7
2ZUd,dyi9
h8md,aAxE
KPnK,ry1Z
vrah,mOXE
6ne9,lW1s
N196,ZwIO
i1lj,BFy3
EvXp,5I9I
ARbi,yyAd
X94a,EBuE
kVFo,lvvi
ypAp,GCV3
gagV,2T5b
gEOJ,VeDu
Vf19,Cmnv
vceg,MXch
YAxP,bW9z
r2bm,VFM8
Iwra,Iziz
2Ofd,T9dd
TlwY,GKrx
SOMm,l7Lj
znbX,wq9B
Kdqd,RbdA
Qj4I,hVcb
V0in,u9Hm
JVjL,oQws
FwWh,KvTa
ElN5,3Wan
Zf4C,cMk4
WliF,hlQW
2yoy,T38o
vv29,SxxU
Y224,3C3x
KfRK,pj9U
Oh1z,Jut3
qQlD,9cvC
cUdr,hZCs
YCqR,o3HI
UHEJ,dcu6
KlM1,MnIm
jxYw,VXLk
cutv,ZbYW
9pv9,hoyg
L2vv,loxX
MBrz,hz3N
wGzC,Wf1z
Pv3p,6Hsd
XcRN,X0LP
uvDQ,lewI
WGNn,lhQS
M22d,j0QQ
K3rO,WQHw
5rah,Zybn
Lbfv,ncPH
MdL1,X1CC
t5Ab,wNc4
jsLd,JhH8
h577,BcUe
JLDw,m2EW
ls7K,Ziv6
rowK,xDCC
3W9W,kUqI
hWyO,Bti9
TC52,uMNn
D888,sQIh
H6fj,eRgi
k9qq,4kvP
nOdU,2lUg
cEqE,TIfm
a02P,Xpzp
5gEt,QtyB
MI8L,SA2K
9s7W,NQZt
3F9h,MXhu
pED9,NmgT
uM4C,4JS6
aDEK,k6aR
qeYC,eyNi
lL8M,E0yu
8pKl,0LIm
dHqC,C57i
cyxX,PLO7
5ynp,WCab
sjgt,GCq3
ggUD,fy1f
ayv1,zV3f
6fqf,z5RZ
8kC6,tDL7
3hhv,bOc0
Jn01,hcH3
anYV,DoFK
sjlU,hL6v
